{"stats":{"minecraft:mined":{"biomesoplenty:jacaranda_leaves":1,"biomesoplenty:jacaranda_log":10,"biomesoplenty:tall_lavender":1,"biomesoplenty:lavender":13,"minecraft:grass":13,"minecraft:grass_block":1,"minecraft:tall_grass":4},"minecraft:used":{"minecraft:iron_sword":58,"minecraft:stone_axe":19,"travelersbackpack:standard":1},"minecraft:killed":{"minecraft:sheep":4,"minecraft:pig":2,"alexsmobs:tarantula_hawk":1,"minecraft:chicken":4,"alexsmobs:fly":1,"alexsmobs:rattlesnake":1,"minecraft:cow":4},"minecraft:picked_up":{"biomesoplenty:lavender":11,"minecraft:stick":1,"minecraft:feather":1,"minecraft:chicken":4,"minecraft:leather":4,"biomesoplenty:jacaranda_sapling":3,"minecraft:porkchop":2,"minecraft:string":2,"minecraft:dirt":1,"biomesoplenty:tall_lavender":1,"biomesoplenty:jacaranda_log":13,"minecraft:wheat_seeds":2,"minecraft:beef":6,"alexsmobs:tarantula_hawk_wing_fragment":1,"minecraft:mutton":5,"minecraft:white_wool":4},"minecraft:custom":{"minecraft:time_since_rest":7520,"minecraft:waystone_activated":2,"minecraft:sprint_one_cm":99725,"minecraft:damage_taken":60,"minecraft:walk_one_cm":50587,"minecraft:mob_kills":17,"minecraft:damage_dealt":1361,"minecraft:swim_one_cm":37704,"minecraft:fly_one_cm":98654,"minecraft:open_chest":2,"minecraft:crouch_one_cm":263,"minecraft:play_time":24623,"minecraft:sneak_time":403,"minecraft:walk_under_water_one_cm":13302,"minecraft:jump":499,"minecraft:walk_on_water_one_cm":10869,"minecraft:time_since_death":24623,"minecraft:sleep_in_bed":1,"minecraft:total_world_time":24623,"minecraft:climb_one_cm":452,"minecraft:fall_one_cm":10293}},"DataVersion":3465}