{"stats":{"minecraft:mined":{"biomesoplenty:jacaranda_leaves":1,"minecraft:grass":11,"minecraft:grass_block":1,"biomesoplenty:jacaranda_log":10,"biomesoplenty:tall_lavender":1,"minecraft:tall_grass":4,"biomesoplenty:lavender":11},"minecraft:used":{"minecraft:stone_axe":17,"travelersbackpack:standard":1,"minecraft:iron_sword":44},"minecraft:killed":{"minecraft:sheep":4,"alexsmobs:fly":1,"minecraft:pig":2,"minecraft:cow":4},"minecraft:picked_up":{"biomesoplenty:lavender":9,"biomesoplenty:tall_lavender":1,"biomesoplenty:jacaranda_log":13,"minecraft:leather":4,"minecraft:wheat_seeds":2,"minecraft:beef":6,"biomesoplenty:jacaranda_sapling":3,"minecraft:porkchop":2,"minecraft:mutton":5,"minecraft:dirt":1,"minecraft:white_wool":4,"minecraft:stick":1},"minecraft:custom":{"minecraft:time_since_rest":12623,"minecraft:crouch_one_cm":24,"minecraft:play_time":12623,"minecraft:sprint_one_cm":32866,"minecraft:damage_taken":30,"minecraft:walk_one_cm":26215,"minecraft:sneak_time":138,"minecraft:walk_under_water_one_cm":5366,"minecraft:mob_kills":11,"minecraft:jump":171,"minecraft:damage_dealt":940,"minecraft:time_since_death":12623,"minecraft:walk_on_water_one_cm":3456,"minecraft:climb_one_cm":220,"minecraft:total_world_time":12623,"minecraft:swim_one_cm":9391,"minecraft:fall_one_cm":3441,"minecraft:fly_one_cm":30108,"minecraft:waystone_activated":1}},"DataVersion":3465}