{"stats":{"minecraft:broken":{"minecraft:iron_pickaxe":1,"minecraft:golden_pickaxe":1},"minecraft:killed":{"minecraft:vindicator":1,"minecraft:spider":1,"minecraft:skeleton":7,"cataclysm:lionfish":1,"cataclysm:deepling_angler":1,"minecraft:sheep":1,"royalvariations:royal_zombie":1,"minecraft:zombie":8},"minecraft:crafted":{"minecraft:oak_planks":128,"minecraft:chest":8,"minecraft:dark_oak_planks":104,"tetra:modular_double":1,"minecraft:crafting_table":2,"minecraft:oak_boat":1,"minecraft:stick":208},"minecraft:picked_up":{"minecraft:crafting_table":2,"croptopia:peach":9,"minecraft:anvil":1,"minecraft:chest_minecart":2,"minecraft:smithing_table":1,"minecraft:lead":1,"minecraft:brewing_stand":1,"minecraft:dead_horn_coral_block":4,"scguns:raw_anthralite":5,"minecraft:string":2,"minecraft:raw_copper":4,"minecraft:iron_axe":1,"minecraft:cracked_stone_bricks":1,"minecraft:cartography_table":2,"minecraft:gold_nugget":2,"minecraft:cobbled_deepslate":63,"improvableskills:scroll_normal":1,"minecraft:spruce_planks":2,"minecraft:oak_boat":2,"minecraft:rose_bush":1,"minecraft:iron_nugget":1,"minecraft:minecart":3,"minecraft:chest":3,"minecraft:furnace":1,"minecraft:dark_oak_sapling":15,"minecraft:stick":13,"minecraft:copper_ingot":4,"minecraft:torch":11,"farmersdelight:tomato_seeds":3,"minecraft:redstone":160,"minecraft:arrow":5,"minecraft:rotten_flesh":9,"simplyswords:iron_scythe":1,"minecraft:gold_ingot":47,"supplementaries:ash":21,"minecraft:glow_berries":4,"minecraft:mutton":1,"minecraft:cod":1,"minecraft:rail":33,"minecraft:cobblestone":163,"minecraft:stripped_oak_log":1,"minecraft:furnace_minecart":1,"minecraft:salmon":1,"minecraft:brown_wool":1,"minecraft:smoker":1,"minecraft:potato":2,"minecraft:tuff":1,"minecraft:oak_log":65,"supplementaries:flax_seeds":4,"croptopia:walnut":45,"minecraft:lapis_lazuli":54,"skilltree:gem":33,"minecraft:dirt":16,"minecraft:paper":8,"minecraft:bone":7,"minecraft:stone_bricks":3,"minecraft:bow":1,"minecraft:wheat_seeds":3,"minecraft:raw_gold":6,"minecraft:iron_ingot":18,"relics:infinity_ham":1,"minecraft:mossy_stone_bricks":1,"minecraft:glass_bottle":21,"scguns:sulfur_chunk":156,"minecraft:oak_planks":51,"minecraft:gravel":1,"minecraft:sand":5,"minecraft:dark_oak_log":33,"minecraft:trapped_chest":1,"minecraft:barrel":5,"cataclysm:lionfish":1,"minecraft:slime_ball":6,"minecraft:iron_helmet":1,"croptopia:orange":6,"minecraft:emerald":24,"minecraft:oak_sapling":21,"minecraft:coal":12},"minecraft:custom":{"minecraft:mob_kills":21,"minecraft:interact_with_crafting_table":4,"minecraft:open_barrel":41,"minecraft:damage_dealt_resisted":39,"minecraft:leave_game":3,"minecraft:time_since_death":106340,"minecraft:climb_one_cm":6972,"minecraft:sprint_one_cm":381695,"minecraft:walk_one_cm":278071,"minecraft:drop":6,"minecraft:talked_to_villager":3,"minecraft:play_time":146941,"minecraft:sneak_time":1250,"minecraft:deaths":2,"minecraft:walk_under_water_one_cm":37657,"minecraft:boat_one_cm":343810,"minecraft:jump":1476,"minecraft:walk_on_water_one_cm":25011,"minecraft:total_world_time":149142,"minecraft:interact_with_furnace":7,"minecraft:interact_with_cartography_table":1,"minecraft:interact_with_loom":1,"minecraft:sleep_in_bed":5,"minecraft:time_since_rest":4639,"minecraft:waystone_activated":1,"minecraft:damage_taken":1143,"minecraft:trigger_trapped_chest":1,"minecraft:damage_dealt":4283,"minecraft:swim_one_cm":45467,"minecraft:fly_one_cm":268637,"minecraft:open_chest":93,"minecraft:crouch_one_cm":1165,"minecraft:interact_with_smoker":1,"minecraft:fall_one_cm":22758},"minecraft:dropped":{"minecraft:crafting_table":1,"minecraft:cobblestone":10,"relics:infinity_ham":1,"gravestone:obituary":2,"minecraft:iron_axe":1},"minecraft:mined":{"minecraft:tuff":1,"minecraft:spruce_planks":2,"minecraft:dark_oak_log":15,"minecraft:brewing_stand":1,"gravestone:gravestone":2,"minecraft:grass_block":8,"minecraft:cartography_table":1,"minecraft:redstone_ore":30,"minecraft:furnace":1,"minecraft:barrel":3,"minecraft:anvil":1,"minecraft:deepslate_lapis_ore":9,"minecraft:deepslate_iron_ore":17,"minecraft:vine":2,"minecraft:stripped_oak_log":1,"scguns:deepslate_sulfur_ore":44,"minecraft:stone":141,"minecraft:smithing_table":1,"minecraft:deepslate_redstone_ore":6,"minecraft:smoker":1,"minecraft:crafting_table":2,"minecraft:emerald_ore":23,"minecraft:chest":3,"minecraft:rose_bush":1,"minecraft:tall_grass":1,"minecraft:copper_ore":1,"minecraft:cobblestone":3,"minecraft:deepslate_gold_ore":19,"minecraft:wall_torch":2,"supplementaries:urn":9,"croptopia:walnut_crop":1,"minecraft:grass":7,"minecraft:oak_log":59,"scguns:deepslate_anthralite_ore":5,"minecraft:coal_ore":12,"minecraft:gravel":1,"minecraft:sand":5,"minecraft:dirt":8,"minecraft:cobweb":1,"minecraft:cracked_stone_bricks":1,"minecraft:stone_bricks":3,"minecraft:mossy_stone_bricks":1,"minecraft:gold_ore":28,"minecraft:fern":2,"minecraft:oak_leaves":1,"minecraft:deepslate":63,"minecraft:horn_coral_block":2,"scguns:sulfur_ore":20},"minecraft:used":{"minecraft:chest":11,"minecraft:iron_sword":82,"minecraft:torch":14,"minecraft:dirt":3,"minecraft:iron_axe":98,"minecraft:barrel":2,"minecraft:furnace":1,"minecraft:sand":2,"minecraft:crafting_table":3,"minecraft:iron_pickaxe":424,"minecraft:potion":22,"travelersbackpack:standard":4,"tetra:basic_workbench":1,"minecraft:oak_boat":2,"minecraft:golden_pickaxe":32}},"DataVersion":3465}