{"stats":{"minecraft:used":{"minecraft:iron_sword":31,"minecraft:sand":2,"minecraft:crafting_table":1,"minecraft:iron_axe":92,"minecraft:iron_pickaxe":34,"minecraft:barrel":2,"minecraft:potion":14,"travelersbackpack:standard":3,"minecraft:oak_boat":2},"minecraft:crafted":{"minecraft:oak_planks":128,"minecraft:crafting_table":1,"minecraft:oak_boat":1,"minecraft:stick":208,"minecraft:dark_oak_planks":104},"minecraft:picked_up":{"minecraft:stripped_oak_log":1,"minecraft:crafting_table":1,"minecraft:anvil":1,"croptopia:peach":9,"minecraft:salmon":1,"minecraft:brown_wool":1,"minecraft:smithing_table":1,"minecraft:lead":1,"minecraft:potato":2,"minecraft:oak_log":65,"minecraft:brewing_stand":1,"minecraft:dead_horn_coral_block":2,"croptopia:walnut":45,"skilltree:gem":3,"minecraft:dirt":2,"minecraft:iron_axe":1,"minecraft:gold_nugget":1,"minecraft:wheat_seeds":1,"minecraft:cartography_table":1,"minecraft:iron_ingot":1,"minecraft:oak_boat":2,"minecraft:rose_bush":1,"relics:infinity_ham":1,"minecraft:glass_bottle":14,"minecraft:furnace":1,"minecraft:dark_oak_sapling":15,"minecraft:stick":13,"minecraft:sand":5,"minecraft:dark_oak_log":33,"minecraft:barrel":3,"cataclysm:lionfish":1,"minecraft:rotten_flesh":4,"croptopia:orange":6,"minecraft:emerald":1,"minecraft:oak_sapling":21,"minecraft:cod":1,"minecraft:mutton":1,"minecraft:coal":12,"minecraft:cobblestone":10},"minecraft:killed":{"cataclysm:deepling_angler":1,"minecraft:vindicator":1,"minecraft:sheep":1,"royalvariations:royal_zombie":1,"minecraft:zombie":1,"cataclysm:lionfish":1},"minecraft:dropped":{"minecraft:cobblestone":10,"relics:infinity_ham":1,"gravestone:obituary":2,"minecraft:iron_axe":1},"minecraft:custom":{"minecraft:interact_with_furnace":1,"minecraft:mob_kills":6,"minecraft:interact_with_cartography_table":1,"minecraft:interact_with_crafting_table":2,"minecraft:open_barrel":36,"minecraft:interact_with_loom":1,"minecraft:damage_dealt_resisted":39,"minecraft:leave_game":2,"minecraft:time_since_death":42877,"minecraft:sleep_in_bed":3,"minecraft:climb_one_cm":3549,"minecraft:time_since_rest":42160,"minecraft:waystone_activated":1,"minecraft:sprint_one_cm":227773,"minecraft:damage_taken":910,"minecraft:walk_one_cm":145675,"minecraft:drop":5,"minecraft:damage_dealt":1441,"minecraft:swim_one_cm":45467,"minecraft:talked_to_villager":3,"minecraft:fly_one_cm":216550,"minecraft:open_chest":16,"minecraft:crouch_one_cm":776,"minecraft:play_time":83478,"minecraft:deaths":2,"minecraft:sneak_time":1073,"minecraft:walk_under_water_one_cm":35610,"minecraft:boat_one_cm":343810,"minecraft:jump":954,"minecraft:walk_on_water_one_cm":22843,"minecraft:total_world_time":85679,"minecraft:fall_one_cm":16379},"minecraft:mined":{"minecraft:smithing_table":1,"minecraft:dark_oak_log":15,"minecraft:brewing_stand":1,"minecraft:crafting_table":1,"gravestone:gravestone":2,"minecraft:grass_block":2,"minecraft:rose_bush":1,"minecraft:tall_grass":1,"minecraft:cartography_table":1,"croptopia:walnut_crop":1,"minecraft:furnace":1,"minecraft:barrel":3,"minecraft:anvil":1,"minecraft:grass":6,"minecraft:oak_log":59,"minecraft:coal_ore":12,"minecraft:sand":5,"minecraft:stripped_oak_log":1,"minecraft:stone":10,"minecraft:oak_leaves":1,"minecraft:horn_coral_block":2}},"DataVersion":3465}