{"stats":{"minecraft:used":{"minecraft:iron_axe":88,"minecraft:iron_pickaxe":25,"minecraft:iron_sword":21,"minecraft:potion":10,"minecraft:crafting_table":1,"travelersbackpack:standard":3,"minecraft:oak_boat":1},"minecraft:crafted":{"minecraft:oak_boat":1,"minecraft:oak_planks":128,"minecraft:crafting_table":1,"minecraft:stick":208,"minecraft:dark_oak_planks":104},"minecraft:picked_up":{"minecraft:stripped_oak_log":1,"minecraft:dark_oak_sapling":15,"minecraft:stick":13,"minecraft:crafting_table":1,"croptopia:peach":9,"minecraft:brown_wool":1,"minecraft:potato":2,"minecraft:oak_log":65,"croptopia:walnut":45,"minecraft:dark_oak_log":33,"skilltree:gem":3,"minecraft:iron_axe":1,"minecraft:rotten_flesh":4,"minecraft:wheat_seeds":1,"minecraft:cartography_table":1,"minecraft:gold_nugget":1,"croptopia:orange":6,"minecraft:iron_ingot":1,"minecraft:rose_bush":1,"minecraft:emerald":1,"relics:infinity_ham":1,"minecraft:glass_bottle":10,"minecraft:oak_sapling":21,"minecraft:mutton":1,"minecraft:coal":12,"minecraft:cobblestone":10,"minecraft:furnace":1},"minecraft:killed":{"minecraft:sheep":1,"royalvariations:royal_zombie":1,"minecraft:zombie":1,"minecraft:vindicator":1},"minecraft:dropped":{"relics:infinity_ham":1,"gravestone:obituary":2,"minecraft:iron_axe":1},"minecraft:custom":{"minecraft:time_since_rest":18160,"minecraft:waystone_activated":1,"minecraft:interact_with_furnace":1,"minecraft:sprint_one_cm":190530,"minecraft:damage_taken":625,"minecraft:walk_one_cm":111687,"minecraft:mob_kills":4,"minecraft:drop":4,"minecraft:damage_dealt":1021,"minecraft:interact_with_crafting_table":2,"minecraft:interact_with_cartography_table":1,"minecraft:swim_one_cm":30055,"minecraft:fly_one_cm":163007,"minecraft:open_barrel":10,"minecraft:open_chest":10,"minecraft:crouch_one_cm":752,"minecraft:play_time":59478,"minecraft:interact_with_loom":1,"minecraft:deaths":2,"minecraft:sneak_time":621,"minecraft:walk_under_water_one_cm":7237,"minecraft:boat_one_cm":121608,"minecraft:jump":664,"minecraft:damage_dealt_resisted":39,"minecraft:leave_game":2,"minecraft:time_since_death":18877,"minecraft:walk_on_water_one_cm":16918,"minecraft:sleep_in_bed":3,"minecraft:total_world_time":61679,"minecraft:climb_one_cm":1068,"minecraft:fall_one_cm":12688},"minecraft:mined":{"croptopia:walnut_crop":1,"minecraft:furnace":1,"minecraft:dark_oak_log":15,"minecraft:crafting_table":1,"gravestone:gravestone":2,"minecraft:grass":6,"minecraft:coal_ore":12,"minecraft:oak_log":59,"minecraft:rose_bush":1,"minecraft:stripped_oak_log":1,"minecraft:tall_grass":1,"minecraft:cartography_table":1,"minecraft:stone":10}},"DataVersion":3465}