{"stats":{"minecraft:used":{"minecraft:iron_axe":72,"minecraft:iron_pickaxe":25,"minecraft:iron_sword":21,"minecraft:potion":7,"travelersbackpack:standard":3},"minecraft:crafted":{"minecraft:oak_planks":128,"minecraft:stick":208,"minecraft:dark_oak_planks":104},"minecraft:picked_up":{"minecraft:stripped_oak_log":1,"minecraft:dark_oak_sapling":15,"minecraft:stick":12,"croptopia:peach":9,"minecraft:brown_wool":1,"minecraft:potato":2,"minecraft:oak_log":51,"croptopia:walnut":45,"minecraft:dark_oak_log":33,"skilltree:gem":3,"minecraft:iron_axe":1,"minecraft:rotten_flesh":4,"minecraft:wheat_seeds":1,"minecraft:cartography_table":1,"minecraft:gold_nugget":1,"croptopia:orange":6,"minecraft:iron_ingot":1,"minecraft:emerald":1,"relics:infinity_ham":1,"minecraft:glass_bottle":7,"minecraft:oak_sapling":14,"minecraft:mutton":1,"minecraft:coal":12,"minecraft:cobblestone":10,"minecraft:furnace":1},"minecraft:killed":{"minecraft:sheep":1,"royalvariations:royal_zombie":1,"minecraft:zombie":1,"minecraft:vindicator":1},"minecraft:dropped":{"relics:infinity_ham":1,"gravestone:obituary":2,"minecraft:iron_axe":1},"minecraft:custom":{"minecraft:time_since_rest":6160,"minecraft:waystone_activated":1,"minecraft:interact_with_furnace":1,"minecraft:sprint_one_cm":177375,"minecraft:damage_taken":619,"minecraft:walk_one_cm":105544,"minecraft:mob_kills":4,"minecraft:drop":4,"minecraft:damage_dealt":1021,"minecraft:interact_with_cartography_table":1,"minecraft:swim_one_cm":28263,"minecraft:fly_one_cm":150850,"minecraft:open_barrel":8,"minecraft:open_chest":7,"minecraft:crouch_one_cm":752,"minecraft:play_time":47478,"minecraft:interact_with_loom":1,"minecraft:deaths":2,"minecraft:sneak_time":540,"minecraft:walk_under_water_one_cm":2560,"minecraft:jump":618,"minecraft:damage_dealt_resisted":39,"minecraft:leave_game":2,"minecraft:time_since_death":6877,"minecraft:walk_on_water_one_cm":16085,"minecraft:sleep_in_bed":3,"minecraft:total_world_time":49679,"minecraft:climb_one_cm":1068,"minecraft:fall_one_cm":11434},"minecraft:mined":{"croptopia:walnut_crop":1,"minecraft:furnace":1,"minecraft:dark_oak_log":15,"gravestone:gravestone":2,"minecraft:grass":6,"minecraft:coal_ore":12,"minecraft:oak_log":45,"minecraft:stripped_oak_log":1,"minecraft:tall_grass":1,"minecraft:cartography_table":1,"minecraft:stone":10}},"DataVersion":3465}