{"stats":{"minecraft:used":{"minecraft:iron_axe":20,"minecraft:iron_pickaxe":11,"minecraft:iron_sword":18,"minecraft:potion":5,"travelersbackpack:standard":1},"minecraft:crafted":{"minecraft:oak_planks":28,"minecraft:stick":208,"minecraft:dark_oak_planks":104},"minecraft:picked_up":{"minecraft:dark_oak_sapling":15,"minecraft:stick":8,"croptopia:peach":9,"minecraft:brown_wool":1,"minecraft:potato":2,"minecraft:oak_log":7,"croptopia:walnut":45,"minecraft:dark_oak_log":33,"minecraft:iron_axe":1,"minecraft:rotten_flesh":4,"minecraft:gold_nugget":1,"minecraft:iron_ingot":1,"relics:infinity_ham":1,"minecraft:glass_bottle":5,"minecraft:oak_sapling":3,"minecraft:mutton":1,"minecraft:cobblestone":9},"minecraft:killed":{"minecraft:sheep":1,"royalvariations:royal_zombie":1,"minecraft:zombie":1},"minecraft:dropped":{"relics:infinity_ham":1,"minecraft:iron_axe":1},"minecraft:custom":{"minecraft:time_since_rest":9800,"minecraft:waystone_activated":1,"minecraft:sprint_one_cm":119729,"minecraft:damage_taken":16,"minecraft:walk_one_cm":68400,"minecraft:mob_kills":3,"minecraft:drop":2,"minecraft:damage_dealt":781,"minecraft:swim_one_cm":15236,"minecraft:fly_one_cm":96036,"minecraft:open_chest":3,"minecraft:crouch_one_cm":686,"minecraft:play_time":23478,"minecraft:interact_with_loom":1,"minecraft:sneak_time":459,"minecraft:walk_under_water_one_cm":1576,"minecraft:jump":380,"minecraft:damage_dealt_resisted":39,"minecraft:leave_game":2,"minecraft:time_since_death":23478,"minecraft:walk_on_water_one_cm":12286,"minecraft:sleep_in_bed":1,"minecraft:total_world_time":25679,"minecraft:climb_one_cm":111,"minecraft:fall_one_cm":6699},"minecraft:mined":{"croptopia:walnut_crop":1,"minecraft:dark_oak_log":15,"minecraft:grass":2,"minecraft:oak_log":1,"minecraft:stone":9}},"DataVersion":3465}