{"stats":{"minecraft:picked_up":{"minecraft:brown_wool":1,"relics:infinity_ham":1,"minecraft:glass_bottle":3,"croptopia:walnut":1,"minecraft:mutton":1},"minecraft:used":{"minecraft:potion":3,"minecraft:iron_sword":3},"minecraft:killed":{"minecraft:sheep":1},"minecraft:dropped":{"relics:infinity_ham":1},"minecraft:custom":{"minecraft:time_since_rest":11478,"minecraft:waystone_activated":1,"minecraft:crouch_one_cm":241,"minecraft:play_time":11478,"minecraft:sprint_one_cm":65274,"minecraft:damage_taken":13,"minecraft:walk_one_cm":21709,"minecraft:sneak_time":98,"minecraft:walk_under_water_one_cm":552,"minecraft:mob_kills":1,"minecraft:drop":1,"minecraft:jump":202,"minecraft:damage_dealt":80,"minecraft:leave_game":2,"minecraft:walk_on_water_one_cm":3955,"minecraft:time_since_death":11478,"minecraft:total_world_time":13679,"minecraft:swim_one_cm":6727,"minecraft:fall_one_cm":4491,"minecraft:fly_one_cm":60436},"minecraft:mined":{"croptopia:walnut_crop":1}},"DataVersion":3465}