{"stats":{"minecraft:broken":{"minecraft:iron_pickaxe":1,"minecraft:golden_pickaxe":1},"minecraft:crafted":{"minecraft:oak_planks":128,"minecraft:crafting_table":2,"minecraft:oak_boat":1,"minecraft:stick":208,"minecraft:chest":8,"minecraft:dark_oak_planks":104,"tetra:modular_double":1},"minecraft:killed":{"cataclysm:deepling_angler":1,"minecraft:spider":1,"minecraft:vindicator":1,"minecraft:sheep":1,"minecraft:skeleton":7,"royalvariations:royal_zombie":1,"minecraft:zombie":6,"cataclysm:lionfish":1},"minecraft:picked_up":{"minecraft:stripped_oak_log":1,"minecraft:crafting_table":2,"minecraft:anvil":1,"croptopia:peach":9,"minecraft:chest_minecart":1,"minecraft:salmon":1,"minecraft:brown_wool":1,"minecraft:smithing_table":1,"minecraft:lead":1,"minecraft:potato":2,"minecraft:tuff":1,"minecraft:oak_log":65,"supplementaries:flax_seeds":4,"minecraft:brewing_stand":1,"minecraft:dead_horn_coral_block":4,"croptopia:walnut":45,"scguns:raw_anthralite":5,"skilltree:gem":29,"minecraft:lapis_lazuli":52,"minecraft:string":2,"minecraft:dirt":7,"minecraft:iron_axe":1,"minecraft:bone":7,"minecraft:stone_bricks":3,"minecraft:cracked_stone_bricks":1,"minecraft:bow":1,"minecraft:wheat_seeds":3,"minecraft:cartography_table":1,"minecraft:gold_nugget":1,"minecraft:cobbled_deepslate":63,"minecraft:spruce_planks":2,"improvableskills:scroll_normal":1,"minecraft:iron_ingot":18,"minecraft:oak_boat":2,"minecraft:rose_bush":1,"minecraft:iron_nugget":1,"minecraft:mossy_stone_bricks":1,"relics:infinity_ham":1,"minecraft:glass_bottle":19,"scguns:sulfur_chunk":104,"minecraft:chest":3,"minecraft:oak_planks":51,"minecraft:furnace":1,"minecraft:dark_oak_sapling":15,"minecraft:stick":13,"minecraft:torch":11,"minecraft:gravel":1,"minecraft:sand":5,"farmersdelight:tomato_seeds":3,"minecraft:redstone":160,"minecraft:dark_oak_log":33,"minecraft:barrel":3,"cataclysm:lionfish":1,"minecraft:arrow":5,"minecraft:rotten_flesh":8,"minecraft:slime_ball":6,"croptopia:orange":6,"minecraft:iron_helmet":1,"minecraft:gold_ingot":47,"minecraft:emerald":24,"minecraft:glow_berries":4,"supplementaries:ash":8,"minecraft:oak_sapling":21,"minecraft:cod":1,"minecraft:mutton":1,"minecraft:coal":12,"minecraft:rail":18,"minecraft:cobblestone":24},"minecraft:custom":{"minecraft:interact_with_furnace":7,"minecraft:mob_kills":19,"minecraft:interact_with_cartography_table":1,"minecraft:interact_with_crafting_table":4,"minecraft:open_barrel":40,"minecraft:interact_with_loom":1,"minecraft:damage_dealt_resisted":39,"minecraft:leave_game":2,"minecraft:time_since_death":90021,"minecraft:sleep_in_bed":4,"minecraft:climb_one_cm":6972,"minecraft:time_since_rest":38324,"minecraft:waystone_activated":1,"minecraft:sprint_one_cm":362565,"minecraft:damage_taken":1071,"minecraft:walk_one_cm":261251,"minecraft:drop":6,"minecraft:damage_dealt":3950,"minecraft:swim_one_cm":45467,"minecraft:talked_to_villager":3,"minecraft:fly_one_cm":246742,"minecraft:open_chest":73,"minecraft:crouch_one_cm":1165,"minecraft:play_time":130622,"minecraft:deaths":2,"minecraft:sneak_time":1240,"minecraft:walk_under_water_one_cm":35610,"minecraft:boat_one_cm":343810,"minecraft:jump":1292,"minecraft:walk_on_water_one_cm":23716,"minecraft:total_world_time":132823,"minecraft:fall_one_cm":19233},"minecraft:dropped":{"minecraft:crafting_table":1,"minecraft:cobblestone":10,"relics:infinity_ham":1,"gravestone:obituary":2,"minecraft:iron_axe":1},"minecraft:mined":{"minecraft:smithing_table":1,"minecraft:deepslate_redstone_ore":6,"minecraft:tuff":1,"minecraft:spruce_planks":2,"minecraft:dark_oak_log":15,"minecraft:brewing_stand":1,"minecraft:crafting_table":2,"gravestone:gravestone":2,"minecraft:emerald_ore":23,"minecraft:grass_block":6,"minecraft:chest":3,"minecraft:rose_bush":1,"minecraft:tall_grass":1,"minecraft:cobblestone":3,"minecraft:deepslate_gold_ore":19,"minecraft:cartography_table":1,"minecraft:wall_torch":2,"supplementaries:urn":6,"croptopia:walnut_crop":1,"minecraft:redstone_ore":30,"minecraft:furnace":1,"minecraft:barrel":3,"minecraft:deepslate_lapis_ore":9,"minecraft:anvil":1,"scguns:deepslate_anthralite_ore":5,"minecraft:grass":7,"minecraft:deepslate_iron_ore":17,"minecraft:coal_ore":12,"minecraft:oak_log":59,"minecraft:vine":2,"minecraft:gravel":1,"minecraft:dirt":1,"minecraft:sand":5,"minecraft:cobweb":1,"minecraft:stripped_oak_log":1,"minecraft:cracked_stone_bricks":1,"minecraft:mossy_stone_bricks":1,"minecraft:stone_bricks":3,"scguns:deepslate_sulfur_ore":44,"minecraft:stone":22,"minecraft:gold_ore":28,"minecraft:oak_leaves":1,"minecraft:horn_coral_block":2,"minecraft:deepslate":63,"minecraft:fern":2},"minecraft:used":{"minecraft:chest":11,"minecraft:iron_sword":76,"minecraft:torch":14,"minecraft:dirt":3,"minecraft:sand":2,"minecraft:crafting_table":3,"minecraft:iron_axe":98,"minecraft:iron_pickaxe":271,"minecraft:barrel":2,"minecraft:potion":19,"travelersbackpack:standard":4,"minecraft:furnace":1,"minecraft:golden_pickaxe":32,"tetra:basic_workbench":1,"minecraft:oak_boat":2}},"DataVersion":3465}