{"stats":{"minecraft:crafted":{"minecraft:oak_planks":128,"minecraft:crafting_table":2,"minecraft:oak_boat":1,"minecraft:stick":208,"minecraft:chest":8,"minecraft:dark_oak_planks":104,"tetra:modular_double":1},"minecraft:killed":{"cataclysm:deepling_angler":1,"minecraft:vindicator":1,"minecraft:sheep":1,"minecraft:skeleton":2,"royalvariations:royal_zombie":1,"minecraft:zombie":4,"cataclysm:lionfish":1},"minecraft:picked_up":{"minecraft:stripped_oak_log":1,"minecraft:crafting_table":2,"minecraft:anvil":1,"croptopia:peach":9,"minecraft:salmon":1,"minecraft:brown_wool":1,"minecraft:smithing_table":1,"minecraft:lead":1,"minecraft:potato":2,"minecraft:tuff":1,"minecraft:oak_log":65,"supplementaries:flax_seeds":4,"minecraft:brewing_stand":1,"minecraft:dead_horn_coral_block":4,"croptopia:walnut":45,"skilltree:gem":14,"minecraft:lapis_lazuli":52,"minecraft:dirt":7,"minecraft:iron_axe":1,"minecraft:bone":2,"minecraft:stone_bricks":1,"minecraft:wheat_seeds":3,"minecraft:cartography_table":1,"minecraft:gold_nugget":1,"minecraft:cobbled_deepslate":20,"minecraft:spruce_planks":2,"improvableskills:scroll_normal":1,"minecraft:iron_ingot":1,"minecraft:oak_boat":2,"minecraft:rose_bush":1,"relics:infinity_ham":1,"minecraft:glass_bottle":16,"scguns:sulfur_chunk":23,"minecraft:chest":3,"minecraft:oak_planks":51,"minecraft:furnace":1,"minecraft:dark_oak_sapling":15,"minecraft:stick":13,"minecraft:torch":11,"minecraft:sand":5,"minecraft:redstone":9,"minecraft:dark_oak_log":33,"minecraft:barrel":3,"cataclysm:lionfish":1,"minecraft:arrow":2,"minecraft:rotten_flesh":4,"croptopia:orange":6,"minecraft:iron_helmet":1,"minecraft:gold_ingot":32,"minecraft:emerald":1,"supplementaries:ash":8,"minecraft:oak_sapling":21,"minecraft:cod":1,"minecraft:mutton":1,"minecraft:coal":12,"minecraft:cobblestone":13},"minecraft:custom":{"minecraft:interact_with_furnace":5,"minecraft:mob_kills":11,"minecraft:interact_with_cartography_table":1,"minecraft:interact_with_crafting_table":4,"minecraft:open_barrel":39,"minecraft:interact_with_loom":1,"minecraft:damage_dealt_resisted":39,"minecraft:leave_game":2,"minecraft:time_since_death":78021,"minecraft:sleep_in_bed":4,"minecraft:climb_one_cm":5870,"minecraft:time_since_rest":26324,"minecraft:waystone_activated":1,"minecraft:sprint_one_cm":284235,"minecraft:damage_taken":983,"minecraft:walk_one_cm":223942,"minecraft:drop":6,"minecraft:damage_dealt":2392,"minecraft:swim_one_cm":45467,"minecraft:talked_to_villager":3,"minecraft:fly_one_cm":229458,"minecraft:open_chest":73,"minecraft:crouch_one_cm":1147,"minecraft:play_time":118622,"minecraft:deaths":2,"minecraft:sneak_time":1239,"minecraft:walk_under_water_one_cm":35610,"minecraft:boat_one_cm":343810,"minecraft:jump":1121,"minecraft:walk_on_water_one_cm":23716,"minecraft:total_world_time":120823,"minecraft:fall_one_cm":17660},"minecraft:dropped":{"minecraft:crafting_table":1,"minecraft:cobblestone":10,"relics:infinity_ham":1,"gravestone:obituary":2,"minecraft:iron_axe":1},"minecraft:mined":{"minecraft:smithing_table":1,"minecraft:deepslate_redstone_ore":2,"minecraft:tuff":1,"minecraft:spruce_planks":2,"minecraft:dark_oak_log":15,"minecraft:brewing_stand":1,"minecraft:crafting_table":2,"gravestone:gravestone":2,"minecraft:grass_block":6,"minecraft:chest":3,"minecraft:rose_bush":1,"minecraft:tall_grass":1,"minecraft:cobblestone":1,"minecraft:deepslate_gold_ore":4,"minecraft:cartography_table":1,"minecraft:wall_torch":2,"supplementaries:urn":5,"croptopia:walnut_crop":1,"minecraft:furnace":1,"minecraft:barrel":3,"minecraft:deepslate_lapis_ore":9,"minecraft:anvil":1,"minecraft:grass":7,"minecraft:coal_ore":12,"minecraft:oak_log":59,"minecraft:vine":1,"minecraft:dirt":1,"minecraft:sand":5,"minecraft:stripped_oak_log":1,"minecraft:stone_bricks":1,"scguns:deepslate_sulfur_ore":9,"minecraft:stone":12,"minecraft:gold_ore":28,"minecraft:oak_leaves":1,"minecraft:horn_coral_block":2,"minecraft:deepslate":20,"minecraft:fern":2},"minecraft:used":{"minecraft:chest":11,"minecraft:iron_sword":50,"minecraft:torch":14,"minecraft:dirt":3,"minecraft:sand":2,"minecraft:crafting_table":3,"minecraft:iron_axe":98,"minecraft:iron_pickaxe":112,"minecraft:barrel":2,"minecraft:potion":16,"travelersbackpack:standard":4,"minecraft:furnace":1,"tetra:basic_workbench":1,"minecraft:oak_boat":2}},"DataVersion":3465}