{"stats":{"minecraft:used":{"minecraft:iron_axe":48,"minecraft:iron_pickaxe":24,"minecraft:iron_sword":18,"minecraft:potion":5,"travelersbackpack:standard":2},"minecraft:crafted":{"minecraft:oak_planks":96,"minecraft:stick":208,"minecraft:dark_oak_planks":104},"minecraft:picked_up":{"minecraft:stripped_oak_log":1,"minecraft:dark_oak_sapling":15,"minecraft:stick":8,"croptopia:peach":9,"minecraft:brown_wool":1,"minecraft:potato":2,"minecraft:oak_log":25,"croptopia:walnut":45,"minecraft:dark_oak_log":33,"skilltree:gem":3,"minecraft:iron_axe":1,"minecraft:rotten_flesh":4,"minecraft:wheat_seeds":1,"minecraft:gold_nugget":1,"croptopia:orange":6,"minecraft:iron_ingot":1,"relics:infinity_ham":1,"minecraft:glass_bottle":5,"minecraft:oak_sapling":11,"minecraft:mutton":1,"minecraft:coal":12,"minecraft:cobblestone":10},"minecraft:killed":{"minecraft:sheep":1,"royalvariations:royal_zombie":1,"minecraft:zombie":1},"minecraft:dropped":{"relics:infinity_ham":1,"minecraft:iron_axe":1},"minecraft:custom":{"minecraft:time_since_rest":8200,"minecraft:waystone_activated":1,"minecraft:sprint_one_cm":137433,"minecraft:damage_taken":29,"minecraft:walk_one_cm":87009,"minecraft:mob_kills":3,"minecraft:drop":2,"minecraft:damage_dealt":781,"minecraft:swim_one_cm":15236,"minecraft:fly_one_cm":116640,"minecraft:open_chest":3,"minecraft:crouch_one_cm":752,"minecraft:play_time":35478,"minecraft:interact_with_loom":1,"minecraft:sneak_time":506,"minecraft:walk_under_water_one_cm":1576,"minecraft:jump":480,"minecraft:damage_dealt_resisted":39,"minecraft:leave_game":2,"minecraft:time_since_death":35478,"minecraft:walk_on_water_one_cm":12883,"minecraft:sleep_in_bed":2,"minecraft:total_world_time":37679,"minecraft:climb_one_cm":123,"minecraft:fall_one_cm":8894},"minecraft:mined":{"croptopia:walnut_crop":1,"minecraft:dark_oak_log":15,"minecraft:grass":4,"minecraft:coal_ore":12,"minecraft:oak_log":25,"minecraft:stripped_oak_log":1,"minecraft:stone":10}},"DataVersion":3465}