{"stats":{"minecraft:used":{"minecraft:cobblestone":1,"minecraft:potion":2,"travelersbackpack:standard":3,"minecraft:written_book":1,"alexscaves:cave_book":1,"minecraft:iron_pickaxe":2,"alexsmobs:animal_dictionary":1,"minecraft:iron_sword":21},"minecraft:picked_up":{"minecraft:rotten_flesh":2,"paraglider:spirit_orb":4,"minecraft:glass_bottle":2,"minecraft:cobblestone":1,"minecraft:lantern":2,"minecraft:red_bed":1},"minecraft:killed":{"minecraft:husk":2},"minecraft:custom":{"minecraft:open_barrel":3,"minecraft:time_since_rest":40294,"minecraft:open_chest":35,"minecraft:waystone_activated":1,"minecraft:crouch_one_cm":744,"minecraft:interact_with_furnace":2,"minecraft:play_time":40294,"minecraft:sprint_one_cm":82552,"minecraft:damage_taken":168,"minecraft:walk_one_cm":74784,"minecraft:sneak_time":669,"minecraft:mob_kills":2,"minecraft:walk_under_water_one_cm":8716,"minecraft:jump":426,"minecraft:damage_dealt":821,"minecraft:leave_game":1,"minecraft:walk_on_water_one_cm":9757,"minecraft:time_since_death":40294,"minecraft:interact_with_smoker":1,"minecraft:total_world_time":40294,"minecraft:climb_one_cm":430,"minecraft:talked_to_villager":3,"minecraft:swim_one_cm":51968,"minecraft:fall_one_cm":5634,"minecraft:fly_one_cm":71053},"minecraft:mined":{"minecraft:red_bed":1,"minecraft:turtle_egg":1,"minecraft:stone":1,"minecraft:spawner":1}},"DataVersion":3465}