{"stats":{"minecraft:custom":{"minecraft:jump":58,"minecraft:time_since_rest":6042,"minecraft:crouch_one_cm":35,"minecraft:leave_game":1,"minecraft:sprint_one_cm":12441,"minecraft:play_time":6042,"minecraft:walk_on_water_one_cm":946,"minecraft:time_since_death":6042,"minecraft:walk_one_cm":7873,"minecraft:sneak_time":24,"minecraft:total_world_time":6042,"minecraft:walk_under_water_one_cm":511,"minecraft:swim_one_cm":3352,"minecraft:fall_one_cm":1105,"minecraft:fly_one_cm":10500}},"DataVersion":3465}