{"stats":{"minecraft:picked_up":{"paraglider:spirit_orb":4,"minecraft:glass_bottle":1},"minecraft:used":{"minecraft:potion":1,"travelersbackpack:standard":3,"minecraft:iron_pickaxe":1,"minecraft:iron_sword":1},"minecraft:custom":{"minecraft:time_since_rest":28294,"minecraft:open_chest":16,"minecraft:waystone_activated":1,"minecraft:crouch_one_cm":533,"minecraft:play_time":28294,"minecraft:sprint_one_cm":61935,"minecraft:damage_taken":13,"minecraft:walk_one_cm":36118,"minecraft:sneak_time":466,"minecraft:walk_under_water_one_cm":8657,"minecraft:jump":295,"minecraft:damage_dealt":3,"minecraft:leave_game":1,"minecraft:walk_on_water_one_cm":9563,"minecraft:time_since_death":28294,"minecraft:total_world_time":28294,"minecraft:climb_one_cm":394,"minecraft:swim_one_cm":51968,"minecraft:fall_one_cm":4675,"minecraft:fly_one_cm":60797},"minecraft:mined":{"minecraft:turtle_egg":1,"minecraft:spawner":1}},"DataVersion":3465}