{"stats":{"minecraft:picked_up":{"paraglider:spirit_orb":4,"minecraft:glass_bottle":1},"minecraft:used":{"minecraft:potion":1,"travelersbackpack:standard":1,"minecraft:iron_pickaxe":1,"minecraft:iron_sword":1},"minecraft:custom":{"minecraft:time_since_rest":16294,"minecraft:open_chest":12,"minecraft:waystone_activated":1,"minecraft:crouch_one_cm":530,"minecraft:play_time":16294,"minecraft:sprint_one_cm":42119,"minecraft:damage_taken":13,"minecraft:walk_one_cm":28844,"minecraft:sneak_time":417,"minecraft:walk_under_water_one_cm":4449,"minecraft:jump":186,"minecraft:damage_dealt":3,"minecraft:leave_game":1,"minecraft:walk_on_water_one_cm":6361,"minecraft:time_since_death":16294,"minecraft:total_world_time":16294,"minecraft:climb_one_cm":394,"minecraft:swim_one_cm":29069,"minecraft:fall_one_cm":2827,"minecraft:fly_one_cm":37763},"minecraft:mined":{"minecraft:turtle_egg":1,"minecraft:spawner":1}},"DataVersion":3465}