{"stats":{"minecraft:used":{"minecraft:iron_axe":7,"minecraft:iron_pickaxe":14,"minecraft:iron_helmet":1,"minecraft:iron_sword":50,"usefulhats:halo":1,"minecraft:golden_apple":1,"minecraft:spyglass":5,"minecraft:cobblestone":1,"minecraft:potion":8,"travelersbackpack:standard":3,"minecraft:written_book":1,"minecraft:crafting_table":1,"minecraft:red_bed":1,"alexscaves:cave_book":1,"minecraft:oak_boat":1,"alexsmobs:animal_dictionary":1},"minecraft:crafted":{"minecraft:oak_boat":1,"minecraft:oak_planks":24,"minecraft:crafting_table":1},"minecraft:picked_up":{"minecraft:stick":4,"minecraft:stripped_mangrove_wood":1,"minecraft:sand":1,"minecraft:potion":1,"paraglider:spirit_orb":20,"minecraft:amethyst_shard":4,"minecraft:oak_log":6,"minecraft:red_bed":2,"minecraft:lantern":2,"minecraft:waxed_cut_copper_stairs":2,"minecraft:item_frame":3,"minecraft:honey_bottle":1,"minecraft:rotten_flesh":8,"minecraft:calcite":3,"minecraft:golden_apple":1,"minecraft:glass_bottle":8,"minecraft:oak_sapling":2,"minecraft:hopper":2,"minecraft:cobblestone":1},"minecraft:killed":{"minecraft:skeleton":1,"minecraft:husk":4,"minecraft:zombie":1,"minecraft:frog":1},"minecraft:dropped":{"minecraft:waxed_cut_copper_stairs":2,"minecraft:stripped_mangrove_wood":1,"minecraft:hopper":1,"minecraft:rotten_flesh":7,"minecraft:iron_pickaxe":1,"minecraft:sand":1,"minecraft:apple":1,"minecraft:beef":1,"minecraft:calcite":3,"minecraft:item_frame":3},"minecraft:custom":{"minecraft:time_since_rest":6700,"minecraft:waystone_activated":1,"minecraft:interact_with_furnace":2,"minecraft:sprint_one_cm":168460,"minecraft:damage_taken":275,"minecraft:walk_one_cm":175347,"minecraft:mob_kills":7,"minecraft:drop":10,"minecraft:inspect_hopper":1,"minecraft:damage_dealt":2049,"minecraft:interact_with_crafting_table":1,"minecraft:swim_one_cm":51968,"minecraft:talked_to_villager":4,"minecraft:fly_one_cm":133912,"minecraft:open_barrel":7,"minecraft:open_chest":51,"minecraft:crouch_one_cm":941,"minecraft:play_time":64294,"minecraft:sneak_time":916,"minecraft:walk_under_water_one_cm":8978,"minecraft:boat_one_cm":62986,"minecraft:jump":803,"minecraft:sleep_in_bed":1,"minecraft:leave_game":1,"minecraft:time_since_death":64294,"minecraft:walk_on_water_one_cm":12387,"minecraft:climb_one_cm":4103,"minecraft:total_world_time":64294,"minecraft:interact_with_smoker":1,"minecraft:fall_one_cm":12691},"minecraft:mined":{"minecraft:waxed_cut_copper_stairs":2,"minecraft:red_bed":2,"minecraft:turtle_egg":1,"minecraft:amethyst_cluster":1,"minecraft:calcite":3,"minecraft:oak_log":6,"minecraft:sand":1,"minecraft:hopper":1,"minecraft:tall_grass":1,"minecraft:stripped_mangrove_wood":1,"minecraft:stone":1,"minecraft:spawner":5}},"DataVersion":3465}