{"stats":{"minecraft:killed":{"minecraft:husk":4,"minecraft:frog":1,"minecraft:skeleton":1,"minecraft:zombie":4},"minecraft:crafted":{"minecraft:oak_planks":96,"minecraft:crafting_table":2,"minecraft:wooden_pickaxe":2,"minecraft:oak_boat":1,"minecraft:stick":8,"minecraft:chest":2},"minecraft:picked_up":{"biomesoplenty:lavender":5,"minecraft:clay_ball":8,"minecraft:potion":1,"paraglider:spirit_orb":20,"minecraft:oak_log":25,"minecraft:string":4,"minecraft:dirt":32,"minecraft:red_bed":5,"minecraft:lantern":2,"minecraft:item_frame":3,"minecraft:calcite":3,"minecraft:glass_bottle":21,"minecraft:iron_sword":1,"minecraft:stick":4,"minecraft:stripped_mangrove_wood":1,"minecraft:torch":1,"minecraft:spyglass":1,"minecraft:sand":1,"minecraft:amethyst_shard":4,"minecraft:prismarine_crystals":2,"biomesoplenty:flowering_oak_sapling":1,"minecraft:waxed_cut_copper_stairs":2,"minecraft:arrow":1,"minecraft:honey_bottle":1,"minecraft:rotten_flesh":8,"minecraft:hay_block":4,"minecraft:golden_apple":1,"minecraft:oak_sapling":4,"minecraft:coal":2,"minecraft:hopper":2,"minecraft:cobblestone":1},"minecraft:custom":{"minecraft:interact_with_smithing_table":1,"minecraft:interact_with_furnace":2,"minecraft:mob_kills":10,"minecraft:inspect_hopper":1,"minecraft:interact_with_crafting_table":5,"minecraft:open_barrel":33,"minecraft:leave_game":1,"minecraft:time_since_death":123514,"minecraft:sleep_in_bed":4,"minecraft:climb_one_cm":13259,"minecraft:time_since_rest":9060,"minecraft:waystone_activated":2,"minecraft:sprint_one_cm":380248,"minecraft:damage_taken":818,"minecraft:walk_one_cm":411405,"minecraft:drop":26,"minecraft:damage_dealt":2626,"minecraft:swim_one_cm":54934,"minecraft:talked_to_villager":4,"minecraft:fly_one_cm":392648,"minecraft:open_chest":78,"minecraft:crouch_one_cm":5279,"minecraft:play_time":123514,"minecraft:sneak_time":2041,"minecraft:walk_under_water_one_cm":15315,"minecraft:boat_one_cm":148807,"minecraft:jump":1950,"minecraft:interact_with_brewingstand":2,"minecraft:interact_with_blast_furnace":1,"minecraft:walk_on_water_one_cm":17847,"minecraft:total_world_time":123514,"minecraft:interact_with_smoker":1,"minecraft:fall_one_cm":55125},"minecraft:dropped":{"minecraft:iron_sword":1,"minecraft:waxed_cut_copper_stairs":2,"minecraft:spyglass":1,"minecraft:stripped_mangrove_wood":1,"biomesoplenty:lavender":2,"minecraft:prismarine_crystals":2,"minecraft:rotten_flesh":7,"minecraft:clay_ball":8,"minecraft:apple":1,"minecraft:coal":2,"minecraft:item_frame":3,"minecraft:stick":4,"minecraft:hay_block":4,"minecraft:hopper":2,"minecraft:oak_sapling":2,"minecraft:sand":1,"minecraft:beef":1,"minecraft:iron_pickaxe":1,"minecraft:calcite":3,"minecraft:string":4},"minecraft:mined":{"minecraft:waxed_cut_copper_stairs":2,"minecraft:red_bed":5,"minecraft:amethyst_cluster":1,"minecraft:sea_lantern":1,"minecraft:clay":1,"minecraft:grass_block":5,"minecraft:calcite":3,"minecraft:tall_grass":1,"minecraft:hopper":1,"minecraft:wall_torch":1,"minecraft:spawner":5,"minecraft:hay_block":16,"biomesoplenty:tall_lavender":1,"minecraft:turtle_egg":1,"biomesoplenty:lavender":5,"minecraft:grass":2,"minecraft:oak_log":26,"minecraft:sand":2,"minecraft:dirt":30,"minecraft:cobweb":4,"minecraft:stripped_mangrove_wood":1,"minecraft:stone":1,"minecraft:oak_leaves":1},"minecraft:used":{"minecraft:oak_planks":15,"minecraft:chest":2,"minecraft:iron_sword":78,"usefulhats:halo":1,"minecraft:torch":4,"minecraft:golden_apple":1,"minecraft:dirt":32,"minecraft:spyglass":6,"farmersdelight:flint_knife":6,"minecraft:crafting_table":2,"minecraft:red_bed":5,"alexscaves:cave_book":1,"minecraft:iron_axe":31,"minecraft:iron_pickaxe":14,"minecraft:iron_helmet":1,"minecraft:bow":1,"minecraft:cobblestone":1,"minecraft:potion":21,"minecraft:written_book":1,"travelersbackpack:standard":3,"minecraft:oak_sapling":2,"minecraft:oak_boat":1,"alexsmobs:animal_dictionary":1}},"DataVersion":3465}