{"stats":{"minecraft:used":{"minecraft:iron_pickaxe":13,"minecraft:iron_sword":46,"usefulhats:halo":1,"minecraft:golden_apple":1,"minecraft:spyglass":5,"minecraft:cobblestone":1,"minecraft:potion":7,"travelersbackpack:standard":3,"minecraft:written_book":1,"alexscaves:cave_book":1,"alexsmobs:animal_dictionary":1},"minecraft:picked_up":{"minecraft:stripped_mangrove_wood":1,"minecraft:potion":1,"paraglider:spirit_orb":20,"minecraft:amethyst_shard":4,"minecraft:red_bed":1,"minecraft:lantern":2,"minecraft:waxed_cut_copper_stairs":2,"minecraft:item_frame":3,"minecraft:honey_bottle":1,"minecraft:rotten_flesh":7,"minecraft:calcite":3,"minecraft:golden_apple":1,"minecraft:glass_bottle":7,"minecraft:cobblestone":1},"minecraft:killed":{"minecraft:skeleton":1,"minecraft:husk":4,"minecraft:frog":1},"minecraft:dropped":{"minecraft:waxed_cut_copper_stairs":2,"minecraft:stripped_mangrove_wood":1,"minecraft:rotten_flesh":7,"minecraft:apple":1,"minecraft:beef":1,"minecraft:calcite":3,"minecraft:item_frame":3},"minecraft:custom":{"minecraft:time_since_rest":52294,"minecraft:waystone_activated":1,"minecraft:interact_with_furnace":2,"minecraft:sprint_one_cm":131071,"minecraft:damage_taken":222,"minecraft:walk_one_cm":134204,"minecraft:mob_kills":6,"minecraft:drop":7,"minecraft:damage_dealt":1849,"minecraft:swim_one_cm":51968,"minecraft:talked_to_villager":3,"minecraft:fly_one_cm":107583,"minecraft:open_barrel":3,"minecraft:open_chest":42,"minecraft:crouch_one_cm":758,"minecraft:play_time":52294,"minecraft:sneak_time":703,"minecraft:walk_under_water_one_cm":8978,"minecraft:jump":636,"minecraft:leave_game":1,"minecraft:time_since_death":52294,"minecraft:walk_on_water_one_cm":12387,"minecraft:climb_one_cm":541,"minecraft:total_world_time":52294,"minecraft:interact_with_smoker":1,"minecraft:fall_one_cm":8781},"minecraft:mined":{"minecraft:waxed_cut_copper_stairs":2,"minecraft:red_bed":1,"minecraft:turtle_egg":1,"minecraft:amethyst_cluster":1,"minecraft:calcite":3,"minecraft:stripped_mangrove_wood":1,"minecraft:stone":1,"minecraft:spawner":5}},"DataVersion":3465}