{"stats":{"minecraft:used":{"minecraft:oak_planks":3,"minecraft:iron_sword":50,"usefulhats:halo":1,"minecraft:golden_apple":1,"minecraft:spyglass":5,"farmersdelight:flint_knife":2,"minecraft:crafting_table":1,"minecraft:red_bed":2,"alexscaves:cave_book":1,"minecraft:iron_axe":7,"minecraft:iron_pickaxe":14,"minecraft:iron_helmet":1,"minecraft:bow":1,"minecraft:potion":10,"minecraft:cobblestone":1,"travelersbackpack:standard":3,"minecraft:written_book":1,"alexsmobs:animal_dictionary":1,"minecraft:oak_boat":1},"minecraft:picked_up":{"minecraft:potion":1,"paraglider:spirit_orb":20,"minecraft:oak_log":6,"minecraft:red_bed":3,"minecraft:lantern":2,"minecraft:item_frame":3,"minecraft:calcite":3,"minecraft:glass_bottle":10,"minecraft:stick":4,"minecraft:stripped_mangrove_wood":1,"minecraft:sand":1,"minecraft:amethyst_shard":4,"minecraft:prismarine_crystals":2,"minecraft:waxed_cut_copper_stairs":2,"minecraft:arrow":1,"minecraft:honey_bottle":1,"minecraft:rotten_flesh":8,"minecraft:golden_apple":1,"minecraft:oak_sapling":2,"minecraft:coal":1,"minecraft:hopper":2,"minecraft:cobblestone":1},"minecraft:crafted":{"minecraft:oak_planks":24,"minecraft:crafting_table":1,"minecraft:oak_boat":1},"minecraft:killed":{"minecraft:husk":4,"minecraft:frog":1,"minecraft:skeleton":1,"minecraft:zombie":1},"minecraft:dropped":{"minecraft:waxed_cut_copper_stairs":2,"minecraft:stripped_mangrove_wood":1,"minecraft:rotten_flesh":7,"minecraft:apple":1,"minecraft:coal":1,"minecraft:item_frame":3,"minecraft:hopper":2,"minecraft:sand":1,"minecraft:beef":1,"minecraft:iron_pickaxe":1,"minecraft:calcite":3},"minecraft:custom":{"minecraft:interact_with_smithing_table":1,"minecraft:interact_with_furnace":2,"minecraft:mob_kills":7,"minecraft:inspect_hopper":1,"minecraft:interact_with_crafting_table":1,"minecraft:open_barrel":13,"minecraft:leave_game":1,"minecraft:time_since_death":76294,"minecraft:sleep_in_bed":2,"minecraft:climb_one_cm":7767,"minecraft:time_since_rest":5400,"minecraft:waystone_activated":1,"minecraft:sprint_one_cm":209528,"minecraft:damage_taken":387,"minecraft:walk_one_cm":211517,"minecraft:drop":12,"minecraft:damage_dealt":2049,"minecraft:swim_one_cm":54934,"minecraft:talked_to_villager":4,"minecraft:fly_one_cm":174553,"minecraft:open_chest":63,"minecraft:crouch_one_cm":1510,"minecraft:play_time":76294,"minecraft:sneak_time":1245,"minecraft:walk_under_water_one_cm":13936,"minecraft:boat_one_cm":103908,"minecraft:jump":1059,"minecraft:interact_with_brewingstand":1,"minecraft:interact_with_blast_furnace":1,"minecraft:walk_on_water_one_cm":13229,"minecraft:interact_with_smoker":1,"minecraft:total_world_time":76294,"minecraft:fall_one_cm":20944},"minecraft:mined":{"minecraft:waxed_cut_copper_stairs":2,"minecraft:red_bed":3,"minecraft:amethyst_cluster":1,"minecraft:sea_lantern":1,"minecraft:calcite":3,"minecraft:tall_grass":1,"minecraft:hopper":1,"minecraft:spawner":5,"minecraft:turtle_egg":1,"minecraft:oak_log":6,"minecraft:sand":2,"minecraft:stone":1,"minecraft:stripped_mangrove_wood":1}},"DataVersion":3465}