{
	"level_seeds": [
		{
			"dim": "aether:the_aether",
			"seed": 4682860423214811323
		},
		{
			"dim": "minecraft:overworld",
			"seed": 4682860423214811323
		},
		{
			"dim": "blue_skies:everdawn",
			"seed": 4682860423214811323
		},
		{
			"dim": "theabyss:the_abyss",
			"seed": 4682860423214811323
		},
		{
			"dim": "minecraft:the_nether",
			"seed": 4682860423214811323
		},
		{
			"dim": "blue_skies:everbright",
			"seed": 4682860423214811323
		},
		{
			"dim": "minecraft:the_end",
			"seed": 4682860423214811323
		},
		{
			"dim": "theabyss:spectral_world",
			"seed": 4682860423214811323
		},
		{
			"dim": "aerialhell:aerial_hell",
			"seed": 4682860423214811323
		},
		{
			"dim": "theabyss:frost_world",
			"seed": 4682860423214811323
		},
		{
			"dim": "undergarden:undergarden",
			"seed": 4682860423214811323
		},
		{
			"dim": "theabyss:pocket_dimension",
			"seed": 4682860423214811323
		},
		{
			"dim": "twilightforest:twilight_forest",
			"seed": 4682860423214811323
		}
	],
	"structure_seeds": [
		{
			"dim": "aether:the_aether",
			"seed": 4682860423214811323
		},
		{
			"dim": "minecraft:overworld",
			"seed": 4682860423214811323
		},
		{
			"dim": "blue_skies:everdawn",
			"seed": 4682860423214811323
		},
		{
			"dim": "theabyss:the_abyss",
			"seed": 4682860423214811323
		},
		{
			"dim": "minecraft:the_nether",
			"seed": 4682860423214811323
		},
		{
			"dim": "blue_skies:everbright",
			"seed": 4682860423214811323
		},
		{
			"dim": "minecraft:the_end",
			"seed": 4682860423214811323
		},
		{
			"dim": "theabyss:spectral_world",
			"seed": 4682860423214811323
		},
		{
			"dim": "aerialhell:aerial_hell",
			"seed": 4682860423214811323
		},
		{
			"dim": "theabyss:frost_world",
			"seed": 4682860423214811323
		},
		{
			"dim": "undergarden:undergarden",
			"seed": 4682860423214811323
		},
		{
			"dim": "theabyss:pocket_dimension",
			"seed": 4682860423214811323
		},
		{
			"dim": "twilightforest:twilight_forest",
			"seed": 4682860423214811323
		}
	]
}